HHTYPE,ADULT,WORKER,CHILD,INCOME,AGE_INDEX
1,1,0,0.0,1.0,1.0
2,2,0,0.0,1.0,1.0
3,3,0,0.0,1.0,1.0
4,4,0,0.0,1.0,1.0
5,1,1,0.0,1.0,1.0
6,2,1,0.0,1.0,1.0
7,3,1,0.0,1.0,1.0
8,4,1,0.0,1.0,1.0
9,2,2,0.0,1.0,1.0
10,3,2,0.0,1.0,1.0
11,4,2,0.0,1.0,1.0
12,3,3,0.0,1.0,1.0
13,4,3,0.0,1.0,1.0
14,1,0,1.0,1.0,1.0
15,2,0,1.0,1.0,1.0
16,3,0,1.0,1.0,1.0
17,4,0,1.0,1.0,1.0
18,1,1,1.0,1.0,1.0
19,2,1,1.0,1.0,1.0
20,3,1,1.0,1.0,1.0
21,4,1,1.0,1.0,1.0
22,2,2,1.0,1.0,1.0
23,3,2,1.0,1.0,1.0
24,4,2,1.0,1.0,1.0
25,3,3,1.0,1.0,1.0
26,4,3,1.0,1.0,1.0
27,1,0,2.0,1.0,1.0
28,2,0,2.0,1.0,1.0
29,3,0,2.0,1.0,1.0
30,4,0,2.0,1.0,1.0
31,1,1,2.0,1.0,1.0
32,2,1,2.0,1.0,1.0
33,3,1,2.0,1.0,1.0
34,4,1,2.0,1.0,1.0
35,2,2,2.0,1.0,1.0
36,3,2,2.0,1.0,1.0
37,4,2,2.0,1.0,1.0
38,3,3,2.0,1.0,1.0
39,4,3,2.0,1.0,1.0
40,1,0,3.0,1.0,1.0
41,2,0,3.0,1.0,1.0
42,3,0,3.0,1.0,1.0
43,4,0,3.0,1.0,1.0
44,1,1,3.0,1.0,1.0
45,2,1,3.0,1.0,1.0
46,3,1,3.0,1.0,1.0
47,4,1,3.0,1.0,1.0
48,2,2,3.0,1.0,1.0
49,3,2,3.0,1.0,1.0
50,4,2,3.0,1.0,1.0
51,3,3,3.0,1.0,1.0
52,4,3,3.0,1.0,1.0
53,1,0,0.0,2.0,1.0
54,2,0,0.0,2.0,1.0
55,3,0,0.0,2.0,1.0
56,4,0,0.0,2.0,1.0
57,1,1,0.0,2.0,1.0
58,2,1,0.0,2.0,1.0
59,3,1,0.0,2.0,1.0
60,4,1,0.0,2.0,1.0
61,2,2,0.0,2.0,1.0
62,3,2,0.0,2.0,1.0
63,4,2,0.0,2.0,1.0
64,3,3,0.0,2.0,1.0
65,4,3,0.0,2.0,1.0
66,1,0,1.0,2.0,1.0
67,2,0,1.0,2.0,1.0
68,3,0,1.0,2.0,1.0
69,4,0,1.0,2.0,1.0
70,1,1,1.0,2.0,1.0
71,2,1,1.0,2.0,1.0
72,3,1,1.0,2.0,1.0
73,4,1,1.0,2.0,1.0
74,2,2,1.0,2.0,1.0
75,3,2,1.0,2.0,1.0
76,4,2,1.0,2.0,1.0
77,3,3,1.0,2.0,1.0
78,4,3,1.0,2.0,1.0
79,1,0,2.0,2.0,1.0
80,2,0,2.0,2.0,1.0
81,3,0,2.0,2.0,1.0
82,4,0,2.0,2.0,1.0
83,1,1,2.0,2.0,1.0
84,2,1,2.0,2.0,1.0
85,3,1,2.0,2.0,1.0
86,4,1,2.0,2.0,1.0
87,2,2,2.0,2.0,1.0
88,3,2,2.0,2.0,1.0
89,4,2,2.0,2.0,1.0
90,3,3,2.0,2.0,1.0
91,4,3,2.0,2.0,1.0
92,1,0,3.0,2.0,1.0
93,2,0,3.0,2.0,1.0
94,3,0,3.0,2.0,1.0
95,4,0,3.0,2.0,1.0
96,1,1,3.0,2.0,1.0
97,2,1,3.0,2.0,1.0
98,3,1,3.0,2.0,1.0
99,4,1,3.0,2.0,1.0
100,2,2,3.0,2.0,1.0
101,3,2,3.0,2.0,1.0
102,4,2,3.0,2.0,1.0
103,3,3,3.0,2.0,1.0
104,4,3,3.0,2.0,1.0
105,1,0,0.0,3.0,1.0
106,2,0,0.0,3.0,1.0
107,3,0,0.0,3.0,1.0
108,4,0,0.0,3.0,1.0
109,1,1,0.0,3.0,1.0
110,2,1,0.0,3.0,1.0
111,3,1,0.0,3.0,1.0
112,4,1,0.0,3.0,1.0
113,2,2,0.0,3.0,1.0
114,3,2,0.0,3.0,1.0
115,4,2,0.0,3.0,1.0
116,3,3,0.0,3.0,1.0
117,4,3,0.0,3.0,1.0
118,1,0,1.0,3.0,1.0
119,2,0,1.0,3.0,1.0
120,3,0,1.0,3.0,1.0
121,4,0,1.0,3.0,1.0
122,1,1,1.0,3.0,1.0
123,2,1,1.0,3.0,1.0
124,3,1,1.0,3.0,1.0
125,4,1,1.0,3.0,1.0
126,2,2,1.0,3.0,1.0
127,3,2,1.0,3.0,1.0
128,4,2,1.0,3.0,1.0
129,3,3,1.0,3.0,1.0
130,4,3,1.0,3.0,1.0
131,1,0,2.0,3.0,1.0
132,2,0,2.0,3.0,1.0
133,3,0,2.0,3.0,1.0
134,4,0,2.0,3.0,1.0
135,1,1,2.0,3.0,1.0
136,2,1,2.0,3.0,1.0
137,3,1,2.0,3.0,1.0
138,4,1,2.0,3.0,1.0
139,2,2,2.0,3.0,1.0
140,3,2,2.0,3.0,1.0
141,4,2,2.0,3.0,1.0
142,3,3,2.0,3.0,1.0
143,4,3,2.0,3.0,1.0
144,1,0,3.0,3.0,1.0
145,2,0,3.0,3.0,1.0
146,3,0,3.0,3.0,1.0
147,4,0,3.0,3.0,1.0
148,1,1,3.0,3.0,1.0
149,2,1,3.0,3.0,1.0
150,3,1,3.0,3.0,1.0
151,4,1,3.0,3.0,1.0
152,2,2,3.0,3.0,1.0
153,3,2,3.0,3.0,1.0
154,4,2,3.0,3.0,1.0
155,3,3,3.0,3.0,1.0
156,4,3,3.0,3.0,1.0
157,1,0,0.0,4.0,1.0
158,2,0,0.0,4.0,1.0
159,3,0,0.0,4.0,1.0
160,4,0,0.0,4.0,1.0
161,1,1,0.0,4.0,1.0
162,2,1,0.0,4.0,1.0
163,3,1,0.0,4.0,1.0
164,4,1,0.0,4.0,1.0
165,2,2,0.0,4.0,1.0
166,3,2,0.0,4.0,1.0
167,4,2,0.0,4.0,1.0
168,3,3,0.0,4.0,1.0
169,4,3,0.0,4.0,1.0
170,1,0,1.0,4.0,1.0
171,2,0,1.0,4.0,1.0
172,3,0,1.0,4.0,1.0
173,4,0,1.0,4.0,1.0
174,1,1,1.0,4.0,1.0
175,2,1,1.0,4.0,1.0
176,3,1,1.0,4.0,1.0
177,4,1,1.0,4.0,1.0
178,2,2,1.0,4.0,1.0
179,3,2,1.0,4.0,1.0
180,4,2,1.0,4.0,1.0
181,3,3,1.0,4.0,1.0
182,4,3,1.0,4.0,1.0
183,1,0,2.0,4.0,1.0
184,2,0,2.0,4.0,1.0
185,3,0,2.0,4.0,1.0
186,4,0,2.0,4.0,1.0
187,1,1,2.0,4.0,1.0
188,2,1,2.0,4.0,1.0
189,3,1,2.0,4.0,1.0
190,4,1,2.0,4.0,1.0
191,2,2,2.0,4.0,1.0
192,3,2,2.0,4.0,1.0
193,4,2,2.0,4.0,1.0
194,3,3,2.0,4.0,1.0
195,4,3,2.0,4.0,1.0
196,1,0,3.0,4.0,1.0
197,2,0,3.0,4.0,1.0
198,3,0,3.0,4.0,1.0
199,4,0,3.0,4.0,1.0
200,1,1,3.0,4.0,1.0
201,2,1,3.0,4.0,1.0
202,3,1,3.0,4.0,1.0
203,4,1,3.0,4.0,1.0
204,2,2,3.0,4.0,1.0
205,3,2,3.0,4.0,1.0
206,4,2,3.0,4.0,1.0
207,3,3,3.0,4.0,1.0
208,4,3,3.0,4.0,1.0
209,1,0,0.0,1.0,2.0
210,2,0,0.0,1.0,2.0
211,3,0,0.0,1.0,2.0
212,4,0,0.0,1.0,2.0
213,1,1,0.0,1.0,2.0
214,2,1,0.0,1.0,2.0
215,3,1,0.0,1.0,2.0
216,4,1,0.0,1.0,2.0
217,2,2,0.0,1.0,2.0
218,3,2,0.0,1.0,2.0
219,4,2,0.0,1.0,2.0
220,3,3,0.0,1.0,2.0
221,4,3,0.0,1.0,2.0
222,1,0,1.0,1.0,2.0
223,2,0,1.0,1.0,2.0
224,3,0,1.0,1.0,2.0
225,4,0,1.0,1.0,2.0
226,1,1,1.0,1.0,2.0
227,2,1,1.0,1.0,2.0
228,3,1,1.0,1.0,2.0
229,4,1,1.0,1.0,2.0
230,2,2,1.0,1.0,2.0
231,3,2,1.0,1.0,2.0
232,4,2,1.0,1.0,2.0
233,3,3,1.0,1.0,2.0
234,4,3,1.0,1.0,2.0
235,1,0,2.0,1.0,2.0
236,2,0,2.0,1.0,2.0
237,3,0,2.0,1.0,2.0
238,4,0,2.0,1.0,2.0
239,1,1,2.0,1.0,2.0
240,2,1,2.0,1.0,2.0
241,3,1,2.0,1.0,2.0
242,4,1,2.0,1.0,2.0
243,2,2,2.0,1.0,2.0
244,3,2,2.0,1.0,2.0
245,4,2,2.0,1.0,2.0
246,3,3,2.0,1.0,2.0
247,4,3,2.0,1.0,2.0
248,1,0,3.0,1.0,2.0
249,2,0,3.0,1.0,2.0
250,3,0,3.0,1.0,2.0
251,4,0,3.0,1.0,2.0
252,1,1,3.0,1.0,2.0
253,2,1,3.0,1.0,2.0
254,3,1,3.0,1.0,2.0
255,4,1,3.0,1.0,2.0
256,2,2,3.0,1.0,2.0
257,3,2,3.0,1.0,2.0
258,4,2,3.0,1.0,2.0
259,3,3,3.0,1.0,2.0
260,4,3,3.0,1.0,2.0
261,1,0,0.0,2.0,2.0
262,2,0,0.0,2.0,2.0
263,3,0,0.0,2.0,2.0
264,4,0,0.0,2.0,2.0
265,1,1,0.0,2.0,2.0
266,2,1,0.0,2.0,2.0
267,3,1,0.0,2.0,2.0
268,4,1,0.0,2.0,2.0
269,2,2,0.0,2.0,2.0
270,3,2,0.0,2.0,2.0
271,4,2,0.0,2.0,2.0
272,3,3,0.0,2.0,2.0
273,4,3,0.0,2.0,2.0
274,1,0,1.0,2.0,2.0
275,2,0,1.0,2.0,2.0
276,3,0,1.0,2.0,2.0
277,4,0,1.0,2.0,2.0
278,1,1,1.0,2.0,2.0
279,2,1,1.0,2.0,2.0
280,3,1,1.0,2.0,2.0
281,4,1,1.0,2.0,2.0
282,2,2,1.0,2.0,2.0
283,3,2,1.0,2.0,2.0
284,4,2,1.0,2.0,2.0
285,3,3,1.0,2.0,2.0
286,4,3,1.0,2.0,2.0
287,1,0,2.0,2.0,2.0
288,2,0,2.0,2.0,2.0
289,3,0,2.0,2.0,2.0
290,4,0,2.0,2.0,2.0
291,1,1,2.0,2.0,2.0
292,2,1,2.0,2.0,2.0
293,3,1,2.0,2.0,2.0
294,4,1,2.0,2.0,2.0
295,2,2,2.0,2.0,2.0
296,3,2,2.0,2.0,2.0
297,4,2,2.0,2.0,2.0
298,3,3,2.0,2.0,2.0
299,4,3,2.0,2.0,2.0
300,1,0,3.0,2.0,2.0
301,2,0,3.0,2.0,2.0
302,3,0,3.0,2.0,2.0
303,4,0,3.0,2.0,2.0
304,1,1,3.0,2.0,2.0
305,2,1,3.0,2.0,2.0
306,3,1,3.0,2.0,2.0
307,4,1,3.0,2.0,2.0
308,2,2,3.0,2.0,2.0
309,3,2,3.0,2.0,2.0
310,4,2,3.0,2.0,2.0
311,3,3,3.0,2.0,2.0
312,4,3,3.0,2.0,2.0
313,1,0,0.0,3.0,2.0
314,2,0,0.0,3.0,2.0
315,3,0,0.0,3.0,2.0
316,4,0,0.0,3.0,2.0
317,1,1,0.0,3.0,2.0
318,2,1,0.0,3.0,2.0
319,3,1,0.0,3.0,2.0
320,4,1,0.0,3.0,2.0
321,2,2,0.0,3.0,2.0
322,3,2,0.0,3.0,2.0
323,4,2,0.0,3.0,2.0
324,3,3,0.0,3.0,2.0
325,4,3,0.0,3.0,2.0
326,1,0,1.0,3.0,2.0
327,2,0,1.0,3.0,2.0
328,3,0,1.0,3.0,2.0
329,4,0,1.0,3.0,2.0
330,1,1,1.0,3.0,2.0
331,2,1,1.0,3.0,2.0
332,3,1,1.0,3.0,2.0
333,4,1,1.0,3.0,2.0
334,2,2,1.0,3.0,2.0
335,3,2,1.0,3.0,2.0
336,4,2,1.0,3.0,2.0
337,3,3,1.0,3.0,2.0
338,4,3,1.0,3.0,2.0
339,1,0,2.0,3.0,2.0
340,2,0,2.0,3.0,2.0
341,3,0,2.0,3.0,2.0
342,4,0,2.0,3.0,2.0
343,1,1,2.0,3.0,2.0
344,2,1,2.0,3.0,2.0
345,3,1,2.0,3.0,2.0
346,4,1,2.0,3.0,2.0
347,2,2,2.0,3.0,2.0
348,3,2,2.0,3.0,2.0
349,4,2,2.0,3.0,2.0
350,3,3,2.0,3.0,2.0
351,4,3,2.0,3.0,2.0
352,1,0,3.0,3.0,2.0
353,2,0,3.0,3.0,2.0
354,3,0,3.0,3.0,2.0
355,4,0,3.0,3.0,2.0
356,1,1,3.0,3.0,2.0
357,2,1,3.0,3.0,2.0
358,3,1,3.0,3.0,2.0
359,4,1,3.0,3.0,2.0
360,2,2,3.0,3.0,2.0
361,3,2,3.0,3.0,2.0
362,4,2,3.0,3.0,2.0
363,3,3,3.0,3.0,2.0
364,4,3,3.0,3.0,2.0
365,1,0,0.0,4.0,2.0
366,2,0,0.0,4.0,2.0
367,3,0,0.0,4.0,2.0
368,4,0,0.0,4.0,2.0
369,1,1,0.0,4.0,2.0
370,2,1,0.0,4.0,2.0
371,3,1,0.0,4.0,2.0
372,4,1,0.0,4.0,2.0
373,2,2,0.0,4.0,2.0
374,3,2,0.0,4.0,2.0
375,4,2,0.0,4.0,2.0
376,3,3,0.0,4.0,2.0
377,4,3,0.0,4.0,2.0
378,1,0,1.0,4.0,2.0
379,2,0,1.0,4.0,2.0
380,3,0,1.0,4.0,2.0
381,4,0,1.0,4.0,2.0
382,1,1,1.0,4.0,2.0
383,2,1,1.0,4.0,2.0
384,3,1,1.0,4.0,2.0
385,4,1,1.0,4.0,2.0
386,2,2,1.0,4.0,2.0
387,3,2,1.0,4.0,2.0
388,4,2,1.0,4.0,2.0
389,3,3,1.0,4.0,2.0
390,4,3,1.0,4.0,2.0
391,1,0,2.0,4.0,2.0
392,2,0,2.0,4.0,2.0
393,3,0,2.0,4.0,2.0
394,4,0,2.0,4.0,2.0
395,1,1,2.0,4.0,2.0
396,2,1,2.0,4.0,2.0
397,3,1,2.0,4.0,2.0
398,4,1,2.0,4.0,2.0
399,2,2,2.0,4.0,2.0
400,3,2,2.0,4.0,2.0
401,4,2,2.0,4.0,2.0
402,3,3,2.0,4.0,2.0
403,4,3,2.0,4.0,2.0
404,1,0,3.0,4.0,2.0
405,2,0,3.0,4.0,2.0
406,3,0,3.0,4.0,2.0
407,4,0,3.0,4.0,2.0
408,1,1,3.0,4.0,2.0
409,2,1,3.0,4.0,2.0
410,3,1,3.0,4.0,2.0
411,4,1,3.0,4.0,2.0
412,2,2,3.0,4.0,2.0
413,3,2,3.0,4.0,2.0
414,4,2,3.0,4.0,2.0
415,3,3,3.0,4.0,2.0
416,4,3,3.0,4.0,2.0
417,1,0,0.0,1.0,3.0
418,2,0,0.0,1.0,3.0
419,3,0,0.0,1.0,3.0
420,4,0,0.0,1.0,3.0
421,1,1,0.0,1.0,3.0
422,2,1,0.0,1.0,3.0
423,3,1,0.0,1.0,3.0
424,4,1,0.0,1.0,3.0
425,2,2,0.0,1.0,3.0
426,3,2,0.0,1.0,3.0
427,4,2,0.0,1.0,3.0
428,3,3,0.0,1.0,3.0
429,4,3,0.0,1.0,3.0
430,1,0,1.0,1.0,3.0
431,2,0,1.0,1.0,3.0
432,3,0,1.0,1.0,3.0
433,4,0,1.0,1.0,3.0
434,1,1,1.0,1.0,3.0
435,2,1,1.0,1.0,3.0
436,3,1,1.0,1.0,3.0
437,4,1,1.0,1.0,3.0
438,2,2,1.0,1.0,3.0
439,3,2,1.0,1.0,3.0
440,4,2,1.0,1.0,3.0
441,3,3,1.0,1.0,3.0
442,4,3,1.0,1.0,3.0
443,1,0,2.0,1.0,3.0
444,2,0,2.0,1.0,3.0
445,3,0,2.0,1.0,3.0
446,4,0,2.0,1.0,3.0
447,1,1,2.0,1.0,3.0
448,2,1,2.0,1.0,3.0
449,3,1,2.0,1.0,3.0
450,4,1,2.0,1.0,3.0
451,2,2,2.0,1.0,3.0
452,3,2,2.0,1.0,3.0
453,4,2,2.0,1.0,3.0
454,3,3,2.0,1.0,3.0
455,4,3,2.0,1.0,3.0
456,1,0,3.0,1.0,3.0
457,2,0,3.0,1.0,3.0
458,3,0,3.0,1.0,3.0
459,4,0,3.0,1.0,3.0
460,1,1,3.0,1.0,3.0
461,2,1,3.0,1.0,3.0
462,3,1,3.0,1.0,3.0
463,4,1,3.0,1.0,3.0
464,2,2,3.0,1.0,3.0
465,3,2,3.0,1.0,3.0
466,4,2,3.0,1.0,3.0
467,3,3,3.0,1.0,3.0
468,4,3,3.0,1.0,3.0
469,1,0,0.0,2.0,3.0
470,2,0,0.0,2.0,3.0
471,3,0,0.0,2.0,3.0
472,4,0,0.0,2.0,3.0
473,1,1,0.0,2.0,3.0
474,2,1,0.0,2.0,3.0
475,3,1,0.0,2.0,3.0
476,4,1,0.0,2.0,3.0
477,2,2,0.0,2.0,3.0
478,3,2,0.0,2.0,3.0
479,4,2,0.0,2.0,3.0
480,3,3,0.0,2.0,3.0
481,4,3,0.0,2.0,3.0
482,1,0,1.0,2.0,3.0
483,2,0,1.0,2.0,3.0
484,3,0,1.0,2.0,3.0
485,4,0,1.0,2.0,3.0
486,1,1,1.0,2.0,3.0
487,2,1,1.0,2.0,3.0
488,3,1,1.0,2.0,3.0
489,4,1,1.0,2.0,3.0
490,2,2,1.0,2.0,3.0
491,3,2,1.0,2.0,3.0
492,4,2,1.0,2.0,3.0
493,3,3,1.0,2.0,3.0
494,4,3,1.0,2.0,3.0
495,1,0,2.0,2.0,3.0
496,2,0,2.0,2.0,3.0
497,3,0,2.0,2.0,3.0
498,4,0,2.0,2.0,3.0
499,1,1,2.0,2.0,3.0
500,2,1,2.0,2.0,3.0
501,3,1,2.0,2.0,3.0
502,4,1,2.0,2.0,3.0
503,2,2,2.0,2.0,3.0
504,3,2,2.0,2.0,3.0
505,4,2,2.0,2.0,3.0
506,3,3,2.0,2.0,3.0
507,4,3,2.0,2.0,3.0
508,1,0,3.0,2.0,3.0
509,2,0,3.0,2.0,3.0
510,3,0,3.0,2.0,3.0
511,4,0,3.0,2.0,3.0
512,1,1,3.0,2.0,3.0
513,2,1,3.0,2.0,3.0
514,3,1,3.0,2.0,3.0
515,4,1,3.0,2.0,3.0
516,2,2,3.0,2.0,3.0
517,3,2,3.0,2.0,3.0
518,4,2,3.0,2.0,3.0
519,3,3,3.0,2.0,3.0
520,4,3,3.0,2.0,3.0
521,1,0,0.0,3.0,3.0
522,2,0,0.0,3.0,3.0
523,3,0,0.0,3.0,3.0
524,4,0,0.0,3.0,3.0
525,1,1,0.0,3.0,3.0
526,2,1,0.0,3.0,3.0
527,3,1,0.0,3.0,3.0
528,4,1,0.0,3.0,3.0
529,2,2,0.0,3.0,3.0
530,3,2,0.0,3.0,3.0
531,4,2,0.0,3.0,3.0
532,3,3,0.0,3.0,3.0
533,4,3,0.0,3.0,3.0
534,1,0,1.0,3.0,3.0
535,2,0,1.0,3.0,3.0
536,3,0,1.0,3.0,3.0
537,4,0,1.0,3.0,3.0
538,1,1,1.0,3.0,3.0
539,2,1,1.0,3.0,3.0
540,3,1,1.0,3.0,3.0
541,4,1,1.0,3.0,3.0
542,2,2,1.0,3.0,3.0
543,3,2,1.0,3.0,3.0
544,4,2,1.0,3.0,3.0
545,3,3,1.0,3.0,3.0
546,4,3,1.0,3.0,3.0
547,1,0,2.0,3.0,3.0
548,2,0,2.0,3.0,3.0
549,3,0,2.0,3.0,3.0
550,4,0,2.0,3.0,3.0
551,1,1,2.0,3.0,3.0
552,2,1,2.0,3.0,3.0
553,3,1,2.0,3.0,3.0
554,4,1,2.0,3.0,3.0
555,2,2,2.0,3.0,3.0
556,3,2,2.0,3.0,3.0
557,4,2,2.0,3.0,3.0
558,3,3,2.0,3.0,3.0
559,4,3,2.0,3.0,3.0
560,1,0,3.0,3.0,3.0
561,2,0,3.0,3.0,3.0
562,3,0,3.0,3.0,3.0
563,4,0,3.0,3.0,3.0
564,1,1,3.0,3.0,3.0
565,2,1,3.0,3.0,3.0
566,3,1,3.0,3.0,3.0
567,4,1,3.0,3.0,3.0
568,2,2,3.0,3.0,3.0
569,3,2,3.0,3.0,3.0
570,4,2,3.0,3.0,3.0
571,3,3,3.0,3.0,3.0
572,4,3,3.0,3.0,3.0
573,1,0,0.0,4.0,3.0
574,2,0,0.0,4.0,3.0
575,3,0,0.0,4.0,3.0
576,4,0,0.0,4.0,3.0
577,1,1,0.0,4.0,3.0
578,2,1,0.0,4.0,3.0
579,3,1,0.0,4.0,3.0
580,4,1,0.0,4.0,3.0
581,2,2,0.0,4.0,3.0
582,3,2,0.0,4.0,3.0
583,4,2,0.0,4.0,3.0
584,3,3,0.0,4.0,3.0
585,4,3,0.0,4.0,3.0
586,1,0,1.0,4.0,3.0
587,2,0,1.0,4.0,3.0
588,3,0,1.0,4.0,3.0
589,4,0,1.0,4.0,3.0
590,1,1,1.0,4.0,3.0
591,2,1,1.0,4.0,3.0
592,3,1,1.0,4.0,3.0
593,4,1,1.0,4.0,3.0
594,2,2,1.0,4.0,3.0
595,3,2,1.0,4.0,3.0
596,4,2,1.0,4.0,3.0
597,3,3,1.0,4.0,3.0
598,4,3,1.0,4.0,3.0
599,1,0,2.0,4.0,3.0
600,2,0,2.0,4.0,3.0
601,3,0,2.0,4.0,3.0
602,4,0,2.0,4.0,3.0
603,1,1,2.0,4.0,3.0
604,2,1,2.0,4.0,3.0
605,3,1,2.0,4.0,3.0
606,4,1,2.0,4.0,3.0
607,2,2,2.0,4.0,3.0
608,3,2,2.0,4.0,3.0
609,4,2,2.0,4.0,3.0
610,3,3,2.0,4.0,3.0
611,4,3,2.0,4.0,3.0
612,1,0,3.0,4.0,3.0
613,2,0,3.0,4.0,3.0
614,3,0,3.0,4.0,3.0
615,4,0,3.0,4.0,3.0
616,1,1,3.0,4.0,3.0
617,2,1,3.0,4.0,3.0
618,3,1,3.0,4.0,3.0
619,4,1,3.0,4.0,3.0
620,2,2,3.0,4.0,3.0
621,3,2,3.0,4.0,3.0
622,4,2,3.0,4.0,3.0
623,3,3,3.0,4.0,3.0
624,4,3,3.0,4.0,3.0
